-- phpMyAdmin SQL Dump
-- version 4.0.10.7
-- http://www.phpmyadmin.net
--
-- Host: localhost:3306
-- Generation Time: Dec 06, 2015 at 12:43 PM
-- Server version: 5.5.31-MariaDB
-- PHP Version: 5.4.31

SET SQL_MODE = "NO_AUTO_VALUE_ON_ZERO";
SET time_zone = "+00:00";


/*!40101 SET @OLD_CHARACTER_SET_CLIENT=@@CHARACTER_SET_CLIENT */;
/*!40101 SET @OLD_CHARACTER_SET_RESULTS=@@CHARACTER_SET_RESULTS */;
/*!40101 SET @OLD_COLLATION_CONNECTION=@@COLLATION_CONNECTION */;
/*!40101 SET NAMES utf8 */;

--
-- Database: `siimanto_toped`
--

-- --------------------------------------------------------

--
-- Table structure for table `store_blog_cat`
--

CREATE TABLE IF NOT EXISTS `store_blog_cat` (
  `blog_cat_id` int(11) NOT NULL AUTO_INCREMENT,
  `blog_cat_nama` char(25) NOT NULL,
  `blog_cat_des` text NOT NULL,
  `blog_cat_stat` tinyint(1) NOT NULL,
  PRIMARY KEY (`blog_cat_id`)
) ENGINE=MyISAM  DEFAULT CHARSET=latin1 AUTO_INCREMENT=7 ;

--
-- Dumping data for table `store_blog_cat`
--

INSERT INTO `store_blog_cat` (`blog_cat_id`, `blog_cat_nama`, `blog_cat_des`, `blog_cat_stat`) VALUES
(3, 'Artikel', '', 1),
(4, 'Tutorial', '', 1),
(5, 'Tips & Trik', '', 1),
(6, 'Software', '', 1);

-- --------------------------------------------------------

--
-- Table structure for table `store_post`
--

CREATE TABLE IF NOT EXISTS `store_post` (
  `post_id` int(11) NOT NULL AUTO_INCREMENT,
  `user_id` int(11) NOT NULL,
  `post_date` date NOT NULL,
  `post_title` varchar(50) NOT NULL,
  `post_content` longtext NOT NULL,
  `post_date_mod` date NOT NULL,
  `post_comment_stat` tinyint(1) NOT NULL,
  `post_type` varchar(20) NOT NULL,
  `post_stat` tinyint(1) NOT NULL,
  PRIMARY KEY (`post_id`)
) ENGINE=MyISAM  DEFAULT CHARSET=latin1 AUTO_INCREMENT=2 ;

--
-- Dumping data for table `store_post`
--

INSERT INTO `store_post` (`post_id`, `user_id`, `post_date`, `post_title`, `post_content`, `post_date_mod`, `post_comment_stat`, `post_type`, `post_stat`) VALUES
(1, 1, '2015-01-17', 'Hello World', 'My Name is Indra', '0000-00-00', 1, '2', 1);

-- --------------------------------------------------------

--
-- Table structure for table `store_user`
--

CREATE TABLE IF NOT EXISTS `store_user` (
  `user_id` int(11) NOT NULL AUTO_INCREMENT,
  `user_name` varchar(12) NOT NULL,
  `user_pass` varchar(32) NOT NULL,
  `user_namauser` char(25) NOT NULL,
  `user_email` varchar(32) NOT NULL,
  `user_cat` int(11) NOT NULL,
  `user_stat` tinyint(1) NOT NULL,
  PRIMARY KEY (`user_name`),
  UNIQUE KEY `user_email` (`user_email`),
  KEY `user_id` (`user_id`,`user_name`)
) ENGINE=MyISAM  DEFAULT CHARSET=latin1 AUTO_INCREMENT=4 ;

--
-- Dumping data for table `store_user`
--

INSERT INTO `store_user` (`user_id`, `user_name`, `user_pass`, `user_namauser`, `user_email`, `user_cat`, `user_stat`) VALUES
(1, 'admin', '42ac7a2975ed79ebeb7f4371ed673da3', 'admin', 'ajeng', 1, 1),
(3, 'indra', '6b9521be72b36ce99e77f9045c0cf53a', '', '', 1, 1);

-- --------------------------------------------------------

--
-- Table structure for table `str_beli`
--

CREATE TABLE IF NOT EXISTS `str_beli` (
  `beli_id` int(4) NOT NULL AUTO_INCREMENT,
  `beli_tgl` date NOT NULL,
  `beli_waktu` time NOT NULL,
  `beli_tgl_update` date NOT NULL,
  `cus_id` int(4) NOT NULL,
  `nomor_id` int(4) NOT NULL,
  `produk_kode` varchar(6) NOT NULL,
  `pulsa_id` varchar(2) NOT NULL,
  `produk_hb` int(6) NOT NULL,
  `produk_hj` int(6) NOT NULL,
  `produk_un` int(6) NOT NULL,
  `saldo_kode` varchar(3) NOT NULL,
  `beli_stat` tinyint(2) NOT NULL,
  PRIMARY KEY (`beli_id`)
) ENGINE=MyISAM  DEFAULT CHARSET=latin1 AUTO_INCREMENT=912 ;

--
-- Dumping data for table `str_beli`
--

INSERT INTO `str_beli` (`beli_id`, `beli_tgl`, `beli_waktu`, `beli_tgl_update`, `cus_id`, `nomor_id`, `produk_kode`, `pulsa_id`, `produk_hb`, `produk_hj`, `produk_un`, `saldo_kode`, `beli_stat`) VALUES
(1, '2015-09-12', '00:00:00', '2015-09-12', 0, 0, 'TRF', 'TR', 0, 1094000, 0, '1', 1),
(828, '2015-09-28', '22:14:55', '2015-09-28', 0, 0, 'DEP', 'TR', 325000, -325000, 0, '1', 1),
(829, '2015-09-28', '22:15:58', '2015-10-01', 66, 152, 'T100', 'TR', -325000, 375000, 50000, '1', 1),
(830, '2015-10-01', '20:34:43', '2015-10-01', 0, 0, 'DEP', 'TR', 508000, -508000, 0, '1', 1),
(831, '2015-10-01', '20:35:24', '2015-10-01', 67, 153, 'T100', 'TR', -508000, 530000, 22000, '1', 1),
(832, '2015-10-03', '04:04:57', '2015-10-03', 0, 0, 'TRF', '', 0, -265322, 0, '2', 3),
(833, '2015-10-03', '04:05:09', '2015-10-03', 0, 0, 'DEP', 'TR', 265322, -265322, 0, '1', 3),
(834, '2015-10-03', '04:05:25', '2015-10-03', 0, 0, 'DEP', 'TR', 265322, -265322, 0, '1', 3),
(835, '2015-10-03', '04:17:13', '2015-10-03', 0, 0, 'DEP', 'TR', 265342, -265342, 0, '1', 1),
(836, '2015-10-03', '04:17:47', '2015-10-12', 68, 154, 'T50', 'TR', -138865, 144400, 5535, '1', 1),
(837, '2015-10-03', '04:20:12', '2015-10-12', 69, 155, 'I50', 'TR', -49577, 52800, 3223, '1', 1),
(838, '2015-10-03', '04:22:40', '2015-10-21', 70, 156, 'S50', 'TR', -76900, 84900, 8000, '1', 1),
(839, '2015-10-04', '09:43:41', '2015-10-04', 0, 0, 'TRF', '', 0, -71900, 0, '2', 3),
(840, '2015-10-04', '09:44:55', '2015-10-04', 0, 0, 'TRF', '', 0, -71900, 0, '2', 3),
(841, '2015-10-04', '09:45:27', '2015-10-04', 0, 0, 'DEP', 'TR', 71900, -71900, 0, '1', 1),
(842, '2015-10-04', '10:22:23', '2015-10-12', 70, 156, 'S25', 'TR', -71900, 84900, 13000, '1', 1),
(843, '2015-10-05', '10:51:36', '2015-10-05', 0, 0, 'DEP', 'TR', 126247, -126247, 0, '1', 1),
(844, '2015-10-05', '10:52:33', '2015-10-05', 71, 157, 'S100', 'TR', -126247, 135000, 8753, '1', 1),
(845, '2015-10-05', '21:33:45', '2015-10-05', 0, 0, 'DEP', 'TR', 186300, -186300, 0, '1', 1),
(846, '2015-10-05', '21:33:56', '2015-10-12', 72, 158, 'T50', 'TR', -186300, 200700, 14400, '1', 1),
(847, '2015-10-10', '11:34:33', '2015-10-10', 0, 0, 'DEP', 'TR', 155790, -155790, 0, '1', 1),
(848, '2015-10-10', '11:36:16', '2015-10-10', 73, 159, 'T30', 'TR', -155790, 166000, 10210, '2', 1),
(849, '2015-10-10', '11:51:45', '2015-10-10', 0, 0, 'TRF', '', 0, -166000, 0, '2', 1),
(850, '2015-10-12', '07:49:55', '2015-10-12', 0, 0, 'DEP', 'TR', 85000, -85000, 0, '1', 1),
(851, '2015-10-12', '07:52:18', '2015-10-21', 74, 160, 'S50', 'TR', -83900, 87900, 4000, '1', 1),
(852, '2015-10-21', '22:05:04', '2015-10-21', 0, 0, 'DEP', 'TR', 548771, -548771, 0, '1', 1),
(853, '2015-10-21', '22:05:42', '2015-10-21', 75, 161, 'T30', 'TR', -31131, 35000, 3869, '1', 1),
(854, '2015-10-21', '22:07:29', '2015-10-21', 76, 162, 'S100', 'TR', -128964, 143900, 14936, '1', 1),
(855, '2015-10-21', '22:09:10', '2015-10-21', 77, 163, 'T50', 'TR', -48770, 52000, 3230, '1', 1),
(856, '2015-10-21', '22:10:38', '2015-10-23', 78, 164, 'S100', 'TR', -138830, 145000, 6170, '1', 1),
(857, '2015-10-21', '22:12:30', '2015-10-23', 79, 165, 'I50', 'TR', -72917, 76800, 3883, '1', 1),
(858, '2015-10-21', '22:13:42', '2015-10-25', 80, 166, 'S100', 'TR', -129259, 134000, 4741, '1', 1),
(859, '2015-10-21', '22:20:34', '2015-10-21', 0, 0, 'DEP', 'TR', 158000, -158000, 0, '1', 1),
(860, '2015-10-21', '22:21:16', '2015-10-21', 81, 167, 'S100', 'TR', -158000, 172000, 14000, '1', 1),
(861, '2015-10-23', '09:55:27', '2015-10-23', 0, 0, 'DEP', 'TR', 114003, -114003, 0, '1', 1),
(862, '2015-10-23', '09:56:02', '2015-11-29', 82, 168, 'T50', 'TR', -55000, 55000, 0, '1', 1),
(863, '2015-10-23', '09:58:18', '2015-10-30', 83, 169, 'I25', 'TR', -59003, 62000, 2997, '1', 1),
(864, '2015-10-23', '11:26:19', '2015-10-23', 0, 0, 'DEP', 'TR', 80078, -80078, 0, '1', 1),
(865, '2015-10-23', '11:27:00', '2015-10-30', 84, 170, 'S20', 'TR', -80078, 85500, 5422, '1', 1),
(866, '2015-10-25', '11:34:42', '2015-10-25', 0, 0, 'DEP', 'TR', 129294, -129294, 0, '1', 1),
(867, '2015-10-25', '11:37:00', '2015-10-30', 85, 171, 'T50', 'TR', -129294, 133000, 3706, '1', 1),
(868, '2015-10-25', '11:40:34', '2015-10-25', 0, 0, 'DEP', 'TR', 200000, -200000, 0, '1', 1),
(869, '2015-10-25', '11:40:54', '2015-10-30', 86, 172, 'T50', 'TR', -200000, 200000, 0, '1', 1),
(870, '2015-10-25', '11:42:26', '2015-10-25', 0, 0, 'DEP', 'TR', 50000, -50000, 0, '1', 1),
(871, '2015-10-25', '11:43:06', '2015-11-08', 87, 173, 'T50', 'TR', -50000, 50000, 0, '1', 1),
(872, '2015-10-30', '15:29:43', '2015-10-30', 0, 0, 'DEP', 'TR', 49060, -49060, 0, '1', 1),
(873, '2015-10-30', '15:31:15', '2015-10-30', 0, 0, 'DEP', 'TR', 249415, -249415, 0, '1', 1),
(874, '2015-10-30', '15:31:57', '2015-10-30', 88, 174, 'S50', 'TR', -83900, 87900, 4000, '3', 3),
(875, '2015-10-30', '15:32:17', '2015-10-30', 88, 174, 'S100', 'TR', -249415, 259000, 9585, '1', 1),
(876, '2015-10-30', '15:33:23', '2015-11-04', 89, 175, 'S10', 'TR', -49060, 52000, 2940, '1', 1),
(877, '2015-11-02', '14:57:21', '2015-11-02', 0, 0, 'DEP', 'TR', 200370, -200370, 0, '1', 1),
(878, '2015-11-02', '15:00:18', '2015-11-08', 90, 176, 'S50', 'TR', -200370, 204500, 4130, '1', 1),
(879, '2015-11-03', '23:58:25', '2015-11-03', 0, 0, 'DEP', 'TR', 39157, -39157, 0, '1', 1),
(880, '2015-11-03', '23:58:52', '2015-11-08', 91, 177, 'S50', 'TR', -39157, 53000, 13843, '1', 1),
(881, '2015-11-04', '00:02:59', '2015-11-04', 0, 0, 'DEP', 'TR', 200979, -200979, 0, '1', 1),
(882, '2015-11-04', '00:03:49', '2015-11-13', 92, 178, 'T50', 'TR', -200979, 200979, 0, '1', 1),
(883, '2015-11-13', '16:27:39', '2015-11-13', 0, 0, 'DEP', 'TR', 170538, -170538, 0, '1', 1),
(884, '2015-11-13', '16:29:18', '2015-11-13', 93, 179, 'I100', 'TR', -131394, 134000, 2606, '1', 1),
(885, '2015-11-13', '16:30:35', '2015-11-13', 94, 180, 'S5', 'TR', -39144, 53000, 13856, '1', 1),
(886, '2015-11-23', '10:50:38', '2015-11-23', 0, 0, 'DEP', 'TR', 268700, -268700, 0, '1', 1),
(887, '2015-11-23', '10:51:52', '2015-11-29', 95, 181, 'S100', 'TR', -89952, 96000, 6048, '1', 1),
(888, '2015-11-23', '10:53:47', '2015-11-23', 96, 182, 'S100', 'TR', -79900, 89000, 9100, '1', 1),
(889, '2015-11-23', '10:55:24', '2015-11-29', 97, 183, 'S100', 'TR', -98900, 105900, 7000, '1', 1),
(890, '2015-11-23', '10:57:56', '2015-11-23', 0, 0, 'TRF', 'TR', 0, 0, 0, '2', 1),
(891, '2015-11-23', '10:58:28', '2015-11-23', 0, 0, 'DEP', 'TR', 183652, -183652, 0, '1', 1),
(892, '2015-11-23', '10:59:18', '2015-12-05', 98, 184, 'S100', 'TR', -94300, 102300, 8000, '1', 1),
(893, '2015-11-23', '11:01:15', '2015-12-05', 99, 185, 'S50', 'TR', -89300, 97300, 8000, '1', 1),
(894, '2015-11-29', '11:35:46', '2015-11-29', 0, 0, 'DEP', 'TR', 600000, -600000, 0, '1', 1),
(895, '2015-11-29', '11:36:16', '2015-12-05', 100, 186, 'T100', 'TR', -142800, 149000, 6200, '1', 1),
(896, '2015-11-29', '11:37:14', '2015-11-29', 101, 187, 'S100', 'TR', -79900, 89000, 9100, '1', 1),
(897, '2015-11-29', '11:38:37', '0000-00-00', 102, 188, 'I100', 'TR', -249497, 262000, 12503, '3', 2),
(898, '2015-11-29', '11:39:33', '2015-11-29', 103, 189, 'S50', 'TR', -54954, 61000, 6046, '1', 1),
(899, '2015-11-29', '11:40:50', '2015-11-29', 0, 0, 'DEP', 'TR', 201131, -201131, 0, '1', 1),
(900, '2015-11-29', '11:41:30', '2015-11-29', 104, 190, 'S100', 'TR', -140610, 150000, 9390, '1', 1),
(901, '2015-11-29', '11:42:55', '2015-11-29', 105, 191, 'S100', 'TR', -133370, 143000, 9630, '1', 1),
(902, '2015-11-29', '11:43:55', '2015-11-29', 106, 192, 'ES50', 'TR', -44300, 61300, 17000, '3', 3),
(903, '2015-11-29', '11:46:31', '2015-11-29', 0, 0, 'DEP', 'TR', 0, 0, 0, '1', 1),
(904, '2015-11-30', '10:34:06', '2015-11-30', 0, 0, 'DEP', 'TR', 88900, -88900, 0, '1', 1),
(905, '2015-11-30', '10:34:30', '2015-11-30', 0, 0, 'DEP', 'TR', 0, 0, 0, '1', 1),
(906, '2015-11-30', '10:35:11', '2015-12-05', 107, 193, 'I100', 'TR', -88900, 95900, 7000, '1', 1),
(907, '2015-11-30', '17:13:44', '2015-11-30', 0, 0, 'TRF', 'TR', 0, 0, 0, '2', 1),
(908, '2015-11-30', '17:13:58', '2015-11-30', 0, 0, 'DEP', 'TR', 140087, -140087, 0, '1', 1),
(909, '2015-11-30', '17:14:15', '2015-12-05', 108, 194, 'S100', 'TR', -140087, 149000, 8913, '1', 1),
(910, '2015-12-01', '16:42:55', '2015-12-01', 0, 0, 'DEP', 'TR', 140379, -140379, 0, '1', 1),
(911, '2015-12-01', '16:43:12', '2015-12-05', 109, 195, 'I100', 'TR', -140379, 150000, 9621, '1', 1);

-- --------------------------------------------------------

--
-- Table structure for table `str_customer`
--

CREATE TABLE IF NOT EXISTS `str_customer` (
  `cus_id` int(11) NOT NULL AUTO_INCREMENT,
  `cus_nama` char(30) NOT NULL,
  `cus_alamat` text NOT NULL,
  `cus_stat` tinyint(1) NOT NULL,
  PRIMARY KEY (`cus_nama`),
  UNIQUE KEY `cus_nama` (`cus_nama`),
  KEY `cus_id` (`cus_id`)
) ENGINE=MyISAM  DEFAULT CHARSET=latin1 AUTO_INCREMENT=110 ;

--
-- Dumping data for table `str_customer`
--

INSERT INTO `str_customer` (`cus_id`, `cus_nama`, `cus_alamat`, `cus_stat`) VALUES
(0, 'admin', '', 0),
(66, 'dedi', '', 1),
(67, 'fitri smk', '', 1),
(68, 'toped sapto', '', 1),
(69, 'toped diana', '', 1),
(70, 'toped agus t', '', 1),
(71, 'direct daniel s', '', 1),
(72, 'toped tommy', '', 1),
(73, 'anto', '', 1),
(74, 'bambang toped', '', 1),
(75, 'toped danang', '', 1),
(76, 'toped iman', '', 1),
(77, 'toped denny', '', 1),
(78, 'toped freddy', '', 1),
(79, 'toped sendy', '', 1),
(80, 'toped harry', '', 1),
(81, 'ghisella bbm', '', 1),
(82, 'fsrt', '', 1),
(83, 'toped deni', '', 1),
(84, 'toped budi p', '', 1),
(85, 'fika', '', 1),
(86, 'fajar', '', 1),
(87, 'agus rianto', '', 1),
(88, 'sri mulya toped', '', 1),
(89, 'carlo toped', '', 1),
(90, 'bernard toped', '', 1),
(91, 'ahmad toped', '', 1),
(92, 'herryanto toped', '', 1),
(93, 'arief toped', '', 1),
(94, 'jon toped', '', 1),
(95, 'toped asrino', '', 1),
(96, 'hafiz depok', '', 1),
(97, 'yesmantoro toped', '', 1),
(98, 'dina toped', '', 1),
(99, 'nayaka toped', '', 1),
(100, 'albert', '', 1),
(101, 'awal kaskus', '', 1),
(102, 'ayu toped', '', 1),
(103, 'sojie toped', '', 1),
(104, 'wisnu toped', '', 1),
(105, 'herry toped', '', 1),
(106, 'zaky toped', '', 1),
(107, 'ari toped', '', 1),
(108, 'vicky toped', '', 1),
(109, 'rosdiana toped', '', 1);

-- --------------------------------------------------------

--
-- Table structure for table `str_nomor`
--

CREATE TABLE IF NOT EXISTS `str_nomor` (
  `nomor_id` int(3) NOT NULL AUTO_INCREMENT,
  `cus_id` int(4) NOT NULL,
  `opr_id` varchar(3) NOT NULL,
  `nomor` varchar(13) NOT NULL,
  `nomor_stat` tinyint(1) NOT NULL,
  PRIMARY KEY (`nomor_id`),
  KEY `cus_id` (`cus_id`),
  KEY `nomor` (`nomor`),
  KEY `nomor_id` (`nomor_id`),
  KEY `nomor_id_2` (`nomor_id`),
  KEY `nomor_2` (`nomor`),
  KEY `nomor_id_3` (`nomor_id`),
  KEY `nomor_3` (`nomor`)
) ENGINE=MyISAM  DEFAULT CHARSET=latin1 AUTO_INCREMENT=196 ;

--
-- Dumping data for table `str_nomor`
--

INSERT INTO `str_nomor` (`nomor_id`, `cus_id`, `opr_id`, `nomor`, `nomor_stat`) VALUES
(0, 0, '0', '0', 1),
(152, 66, '5', '08988790001', 1),
(153, 67, '5', '08988790002', 1),
(154, 68, '5', '08988790003', 1),
(155, 69, '8', '08568343781', 1),
(156, 70, '7', '08161909703', 1),
(157, 71, '7', '08578227788', 1),
(158, 72, '5', '089693721268', 1),
(159, 73, '5', '08988790004', 1),
(160, 74, '7', '082123470600', 1),
(161, 75, '5', '085221790395', 1),
(162, 76, '7', '08176051161', 1),
(163, 77, '5', '08997574477', 1),
(164, 78, '7', '081284781455', 1),
(165, 79, '8', '085929845780', 1),
(166, 80, '7', '08159979154', 1),
(167, 81, '7', '082348022545', 1),
(168, 82, '5', '08988794455', 1),
(169, 83, '8', '085746069779', 1),
(170, 84, '7', '081276510125', 1),
(171, 85, '5', '08988858322', 1),
(172, 86, '5', '089614389491', 1),
(173, 87, '5', '08988790005', 1),
(174, 88, '7', '081283661386', 1),
(175, 89, '7', '08111586262', 1),
(176, 90, '7', '081932093929', 1),
(177, 91, '7', '087883759164', 1),
(178, 92, '5', '08988790006', 1),
(179, 93, '5', '08988263968', 1),
(180, 94, '7', '08111924403', 1),
(181, 95, '7', '081943599377', 1),
(182, 96, '7', '081586798621', 1),
(183, 97, '7', '081268781118', 1),
(184, 98, '7', '082273322218', 1),
(185, 99, '7', '081351940002', 1),
(186, 100, '5', '089609010210', 1),
(187, 101, '7', '081299418162', 1),
(188, 102, '8', '085782186838', 1),
(189, 103, '7', '082285242424', 1),
(190, 104, '7', '081510830263', 1),
(191, 105, '7', '08122330101', 1),
(192, 106, '6', '02198693933', 1),
(193, 107, '8', '085778501089', 1),
(194, 108, '7', '081322555599', 1),
(195, 109, '8', '085797260368', 1);

-- --------------------------------------------------------

--
-- Table structure for table `str_operator`
--

CREATE TABLE IF NOT EXISTS `str_operator` (
  `opr_id` int(11) NOT NULL AUTO_INCREMENT,
  `opr_kode` varchar(4) NOT NULL,
  `opr_nama` varchar(20) NOT NULL,
  `opr_stat` tinyint(1) NOT NULL,
  PRIMARY KEY (`opr_id`),
  UNIQUE KEY `opr_kode` (`opr_kode`)
) ENGINE=MyISAM  DEFAULT CHARSET=latin1 AUTO_INCREMENT=12 ;

--
-- Dumping data for table `str_operator`
--

INSERT INTO `str_operator` (`opr_id`, `opr_kode`, `opr_nama`, `opr_stat`) VALUES
(1, 'AX', 'AXIS', 1),
(2, 'SM', 'SMARTFREN', 1),
(4, 'PLN', 'PLN PRABAYAR', 1),
(5, 'T', 'THREE', 1),
(6, 'E', 'ESIA', 1),
(7, 'S', 'TELKOMSEL', 1),
(8, 'I', 'INDOSAT', 1),
(9, 'ADM', 'ADMIN', 0),
(10, 'X', 'XL AXIATA', 1),
(11, 'B', 'BOLT', 1);

-- --------------------------------------------------------

--
-- Table structure for table `str_product`
--

CREATE TABLE IF NOT EXISTS `str_product` (
  `produk_id` int(11) NOT NULL AUTO_INCREMENT,
  `produk_kode` varchar(6) NOT NULL,
  `opr_id` int(11) NOT NULL,
  `produk_nom` int(6) NOT NULL,
  `produk_hb` int(6) NOT NULL,
  `produk_hj` int(6) NOT NULL,
  `produk_un` int(6) NOT NULL,
  `produk_stat` tinyint(1) NOT NULL,
  PRIMARY KEY (`produk_kode`),
  UNIQUE KEY `produk_kode` (`produk_kode`),
  KEY `produk_kode_2` (`produk_kode`),
  KEY `produk_id` (`produk_id`),
  KEY `produk_kode_3` (`produk_kode`)
) ENGINE=MyISAM  DEFAULT CHARSET=latin1 AUTO_INCREMENT=63 ;

--
-- Dumping data for table `str_product`
--

INSERT INTO `str_product` (`produk_id`, `produk_kode`, `opr_id`, `produk_nom`, `produk_hb`, `produk_hj`, `produk_un`, `produk_stat`) VALUES
(31, 'S25', 7, 25000, 71900, 84900, 13000, 1),
(30, 'S20', 7, 20000, 80078, 85500, 5422, 1),
(29, 'S10', 7, 10000, 49060, 52000, 2940, 1),
(28, 'S5', 7, 5000, 39144, 53000, 13856, 1),
(9, 'ES25', 6, 25000, 25000, 27000, 2000, 1),
(8, 'ES10', 6, 10000, 9900, 12000, 2100, 1),
(7, 'ES5', 6, 5000, 4875, 7000, 2125, 1),
(6, 'ES1', 6, 1000, 1200, 2000, 800, 1),
(11, 'ES100', 6, 100000, 99625, 102000, 2375, 1),
(10, 'ES50', 6, 50000, 44300, 61300, 17000, 1),
(51, 'T200', 5, 200000, 180025, 190000, 9975, 0),
(50, 'T100', 5, 100000, 142800, 149000, 6200, 1),
(49, 'T50', 5, 50000, 200979, 200979, 0, 1),
(48, 'T30', 5, 30000, 31131, 35000, 3869, 1),
(47, 'T25', 5, 25000, 25025, 27000, 1975, 0),
(46, 'T20', 5, 20000, 19875, 22000, 2125, 1),
(45, 'T10', 5, 10000, 9975, 12000, 2025, 1),
(44, 'T5', 5, 5000, 5075, 7000, 1925, 1),
(43, 'T4', 5, 4000, 4175, 5000, 825, 0),
(42, 'T3', 5, 3000, 3100, 4000, 900, 1),
(41, 'T2', 5, 2000, 2100, 3000, 900, 1),
(40, 'T1', 5, 1000, 1100, 2000, 900, 1),
(27, 'PLN200', 4, 200000, 199775, 204000, 4225, 0),
(26, 'PLN150', 4, 150000, 149775, 153000, 3225, 0),
(25, 'PLN125', 4, 125000, 124775, 127000, 2225, 0),
(24, 'PLN100', 4, 100000, 98725, 102000, 3275, 1),
(23, 'PLN75', 4, 75000, 74050, 77000, 2950, 1),
(22, 'PLN50', 4, 50000, 50000, 52000, 2000, 1),
(21, 'PLN25', 4, 25000, 24050, 27000, 2950, 1),
(20, 'PLN20', 4, 20000, 19050, 22000, 2950, 1),
(39, 'SM100', 2, 100000, 99975, 102000, 2025, 1),
(38, 'SM50', 2, 50000, 49975, 52000, 2025, 1),
(37, 'SM25', 2, 25000, 25075, 27000, 1925, 1),
(36, 'SM20', 2, 20000, 20075, 22000, 1925, 1),
(35, 'SM10', 2, 10000, 10100, 12000, 1900, 1),
(34, 'SM5', 2, 5000, 5100, 7000, 1900, 1),
(62, 'B200', 11, 200000, 194550, 202000, 7450, 1),
(61, 'B100', 11, 100000, 97550, 102000, 4450, 1),
(60, 'B50', 11, 50000, 48900, 52000, 3100, 1),
(59, 'B25', 11, 25000, 24875, 27000, 2125, 1),
(58, 'X100', 10, 100000, 100175, 102000, 1825, 1),
(57, 'X50', 10, 50000, 50200, 52000, 1800, 1),
(56, 'X25', 10, 25000, 25375, 27000, 1625, 1),
(55, 'X10', 10, 10000, 10825, 12000, 1175, 1),
(54, 'X5', 10, 5000, 5825, 7000, 1175, 1),
(5, 'AX100', 1, 100000, 100175, 102000, 1825, 1),
(4, 'AX50', 1, 50000, 50175, 52000, 1825, 1),
(3, 'AX25', 1, 25000, 25375, 27000, 1625, 1),
(2, 'AX10', 1, 10000, 10825, 12000, 1175, 1),
(1, 'AX5', 1, 5000, 5825, 7000, 1175, 1),
(53, 'TRF', 0, 0, 0, 0, 0, 0),
(52, 'DEP', 0, 0, 0, 0, 0, 0),
(32, 'S50', 7, 50000, 54954, 61000, 6046, 1),
(33, 'S100', 7, 100000, 140087, 149000, 8913, 1),
(12, 'I5', 8, 5000, 5575, 7000, 1425, 1),
(13, 'I10', 8, 10000, 10575, 12000, 1425, 1),
(14, 'I20', 8, 20000, 20500, 22000, 1500, 0),
(15, 'I25', 8, 25000, 59003, 62000, 2997, 1),
(16, 'I30', 8, 30000, 30500, 32000, 1500, 0),
(18, 'I50', 8, 50000, 72917, 76800, 3883, 1),
(19, 'I100', 8, 100000, 140379, 150000, 9621, 1);

-- --------------------------------------------------------

--
-- Table structure for table `str_saldo`
--

CREATE TABLE IF NOT EXISTS `str_saldo` (
  `saldo_kode` int(11) NOT NULL AUTO_INCREMENT,
  `saldo_nama` char(16) NOT NULL,
  `saldo_nom` decimal(8,0) NOT NULL,
  `saldo_stat` tinyint(1) NOT NULL,
  PRIMARY KEY (`saldo_kode`),
  KEY `saldo_kode` (`saldo_kode`),
  KEY `saldo_kode_2` (`saldo_kode`),
  KEY `saldo_kode_3` (`saldo_kode`),
  KEY `saldo_kode_4` (`saldo_kode`),
  KEY `saldo_kode_5` (`saldo_kode`),
  KEY `saldo_kode_6` (`saldo_kode`)
) ENGINE=MyISAM  DEFAULT CHARSET=latin1 AUTO_INCREMENT=7 ;

--
-- Dumping data for table `str_saldo`
--

INSERT INTO `str_saldo` (`saldo_kode`, `saldo_nama`, `saldo_nom`, `saldo_stat`) VALUES
(1, 'Bank', '1969', 1),
(2, 'Cash', '527000', 1),
(3, 'Piutang', '186000', 1),
(4, 'Pulsa', '69836', 1),
(5, 'Hutang', '0', 1),
(6, 'Untung', '17175', 1);

-- --------------------------------------------------------

--
-- Table structure for table `str_status`
--

CREATE TABLE IF NOT EXISTS `str_status` (
  `status_id` int(11) NOT NULL AUTO_INCREMENT,
  `status_nama` char(16) NOT NULL,
  PRIMARY KEY (`status_id`)
) ENGINE=MyISAM  DEFAULT CHARSET=latin1 AUTO_INCREMENT=4 ;

--
-- Dumping data for table `str_status`
--

INSERT INTO `str_status` (`status_id`, `status_nama`) VALUES
(1, 'COMPLETE'),
(2, 'HUTANG'),
(3, 'CANCEL');

/*!40101 SET CHARACTER_SET_CLIENT=@OLD_CHARACTER_SET_CLIENT */;
/*!40101 SET CHARACTER_SET_RESULTS=@OLD_CHARACTER_SET_RESULTS */;
/*!40101 SET COLLATION_CONNECTION=@OLD_COLLATION_CONNECTION */;
